,part_id,mutation_id,70,73,76,79,82,85,88,91
0,LBC0001A,TET2 c.705del,,,,,,0.023565,0.031605,
1,LBC0031R,DNMT3A c.2306T>G,,,,,,0.0,0.0,0.0
2,LBC0046H,RAD21 c.1199A>C,,,,,,0.0,0.0,0.0
3,LBC0046H,BCOR c.1163T>G,,,,,,0.000754,0.001118,0.00403
4,LBC0046H,ATRX c.6524T>C,,,,,,0.00039000000000000005,0.000442,0.002756
5,LBC0065A,TET2 c.2243del,,,,,,0.0006,0.000648,0.000992
6,LBC0111B,JAK2 c.1849G>T,,,,,,0.005408,0.005544,
7,LBC0118V,PTEN c.834C>G,,,,,,0.001035,0.0008849999999999999,0.0018449999999999999
8,LBC0118V,ASXL1 c.2773C>T,,,,,,0.001095,0.00243,0.0036299999999999995
9,LBC0144B,U2AF2 c.212A>G,,,,,,0.0,0.0,0.004494
10,LBC0165A,DNMT3A c.1969G>A,,,,,,0.00038300000000000004,0.000501,
11,LBC0165A,ASXL1 c.2419G>A,,,,,,0.000505,0.000433,
12,LBC0176A,ETV6 c.34-4A>G,,,,,,0.0,0.00042300000000000004,0.0047
13,LBC0176A,ASXL1 c.1900_1922del,,,,,,0.003402,0.006818,0.008008000000000001
14,LBC0220K,NF1 c.3589G>T,,,,,,0.005089000000000001,0.006559000000000001,0.0075320000000000005
15,LBC0242M,RAD21 c.419_421dup,,,,,,0.001222,0.003042,0.0031980000000000003
16,LBC0251K,U2AF1 c.470A>G,,,,,,0.002618,0.0062900000000000005,
17,LBC0251K,TET2 c.936dup,,,,,,0.019142000000000003,0.043962,
18,LBC0263L,PPM1D c.1602del,,,,,,0.000737,0.001342,0.00176
19,LBC0293E,DNMT3A c.1510dup,,,,,,0.006516,0.006071999999999999,
20,LBC0293E,TET2 c.1648C>T,,,,,,0.005693999999999999,0.0069359999999999995,
21,LBC0293E,DNMT3A c.2230A>T,,,,,,0.0051719999999999995,0.006582,
22,LBC0392K,TET2 c.2339_2340del,,,,,,0.0,0.0,0.0
23,LBC0405M,STAG2 c.2725C>T,,,,,,0.000201,0.000444,0.000543
24,LBC0405M,ZRSR2 c.1311_1312inv,,,,,,0.000504,0.0006630000000000001,0.000507
25,LBC0429V,TET2 c.961C>T,,,,,,0.00049,0.000343,0.004998
26,LBC0429V,BCOR c.3503-51A>C,,,,,,0.000392,0.000392,0.004948999999999999
27,LBC0446H,DNMT3A c.2060T>A,,,,,,0.003174,0.003984,0.004529999999999999
28,LBC0464X,STAG2 c.463-1G>A,,,,,,0.00023700000000000001,0.000381,0.000411
29,LBC0464X,DNMT3A c.2173+1G>A,,,,,,0.0011639999999999999,0.001428,0.001317
30,LBC0471M,DDX41 c.138+20G>A,,,,,,0.0,0.0,0.00588
31,LBC0478E,SH2B3 c.371T>A,,,,,,0.00063,0.000828,
32,LBC0478E,SH2B3 c.380C>G,,,,,,0.000588,0.000786,
33,LBC0516R,CBL c.1139T>C,,,,,,0.0,0.0,0.0
34,LBC0516R,SRSF2 c.361A>G,,,,,,0.0,0.001075,0.007266999999999999
35,LBC0516R,KDM6A c.51T>G,,,,,,0.0,0.0,0.0069229999999999995
36,LBC0517V,TET2 c.1742G>A,,,,,,0.0015680000000000002,0.004298000000000001,0.004312000000000001
37,LBC0520A,SH2B3 c.331G>C,,,,,,0.000425,0.00115,0.00265
38,LBC0588E,RAD21 c.860T>C,,,,,,0.0,0.0,0.0
39,LBC0591L,TET2 c.2746C>T,,,,,,0.0,0.0,
40,LBC0591L,TET2 c.2552del,,,,,,0.012428000000000002,0.01716,
41,LBC360008,DNMT3A c.2645G>A,,0.000351,0.000377,0.0009490000000000001,0.0013909999999999999,,,
42,LBC360072,SF3B1 c.2098A>G,0.001876,0.0018090000000000003,0.000469,0.017219,,,,
43,LBC360072,TET2 c.1505del,0.01928,0.023392,0.026383999999999998,0.042576,,,,
44,LBC360104,DNMT3A c.1156del,0.000498,0.000642,0.00075,0.00117,,,,
45,LBC360104,ASXL1 c.2329G>T,0.0006779999999999999,0.000846,0.0008759999999999999,0.0011459999999999999,,,,
46,LBC360109,JAK2 c.1849G>T,0.01903,0.026433,0.033308000000000004,0.031988,,,,
47,LBC360181,TET2 c.1102del,0.025092,0.032616,0.04503599999999999,0.061253999999999996,,,,
48,LBC360212,DNMT3A c.1639C>T,0.005348,0.005658,0.00594,0.0058720000000000005,,,,
49,LBC360231,TP53 c.818G>A,7.7e-05,7.8e-05,0.000107,,,,,
50,LBC360231,DNMT3A c.1852-1G>A,0.002928,0.0028439999999999997,0.003006,,,,,
51,LBC360283,DNMT3A c.1878_1884del,0.0,0.0,0.0,,,,,
52,LBC360291,JAK2 c.1849G>T,0.0016,0.0018720000000000002,0.0020480000000000003,,,,,
53,LBC360291,DNMT3A c.1904G>A,0.011456,0.01696,0.0256,,,,,
54,LBC360356,DNMT3A c.1601del,0.002304,0.002154,0.002242,0.00264,,,,
55,LBC360380,DNMT3A c.1031T>A,0.0,0.0,,,,,,
56,LBC360380,DNMT3A c.770del,0.0,0.0,,,,,,
57,LBC360414,DNMT3A c.2174del,0.002352,0.0023840000000000003,,,,,,
58,LBC360414,ZRSR2 c.524A>G,0.001164,0.0016480000000000002,,,,,,
59,LBC360453,PTPN11 c.779A>G,0.0,0.0,0.0,0.0008470000000000001,,,,
60,LBC360453,DNMT3A c.2322+1G>A,0.007105000000000001,0.009415000000000001,0.009856000000000002,0.011116000000000001,,,,
61,LBC360458,DNMT3A c.1554+1G>A,0.0,0.0,0.0,0.0,,,,
62,LBC360508,LUC7L2 c.279del,0.000513,0.001368,0.002622,0.003591,,,,
63,LBC360508,DNMT3A c.1605del,0.017708,0.028443,0.036024,0.049267,,,,
64,LBC360508,TET2 c.457dup,0.0027500000000000003,0.0039000000000000003,0.00383,0.00391,,,,
65,LBC360508,TP53 c.994-5T>C,0.000418,0.000171,0.000361,0.001919,,,,
66,LBC360549,U2AF2 c.1421T>C,0.0,0.00013199999999999998,0.0,0.001155,,,,
67,LBC360549,GATA2 c.1186C>T,0.000792,0.0011220000000000002,0.0020570000000000002,0.00429,,,,
68,LBC360549,DNMT3A c.1677C>A,0.032527,0.030151,0.038137000000000004,0.042207,,,,
69,LBC360549,DNMT3A c.2312G>A,0.034606,0.034309,0.035255,0.042096999999999996,,,,
70,LBC360636,DNMT3A c.976C>G,0.02086,0.029862,0.039200000000000006,,,,,
71,LBC360636,JAK2 c.1849G>T,0.0070420000000000005,0.011088000000000002,0.008442000000000002,,,,,
72,LBC360636,DNMT3A c.2204A>G,0.00126,0.00266,0.0061600000000000005,,,,,
73,LBC360658,DNMT3A c.1429+1G>C,0.0,0.0,0.0,,,,,
74,LBC360658,KRAS c.436G>C,0.0007990000000000001,0.0016830000000000003,0.002958,,,,,
75,LBC360658,TP53 c.711G>A,0.000884,0.0012580000000000002,0.002193,,,,,
76,LBC360666,DNMT3A c.2330C>G,0.00032,,0.000944,0.001248,,,,
77,LBC360666,TET2 c.2255_2261del,0.007344000000000001,,0.009992,0.011559999999999999,,,,
78,LBC360666,DNMT3A c.1648G>A,0.000808,,0.001568,0.00208,,,,
79,LBC360702,JAK2 c.1849G>T,0.024668000000000002,0.036876000000000006,0.044520000000000004,0.04456200000000001,,,,
80,LBC360754,TP53 c.757_758dup,0.0008100000000000001,0.001485,0.002175,,,,,
81,LBC360754,DNMT3A c.2478+1G>T,0.049019999999999994,0.05418,0.05751,,,,,
82,LBC360790,DNMT3A c.2256_2257del,0.014844,,0.016914,0.018695999999999997,,,,
83,LBC360790,NF1 c.2935A>C,0.00017399999999999997,,0.0008409999999999998,0.0030159999999999996,,,,
84,LBC360843,LUC7L2 c.28A>G,,0.0,,0.0014910000000000001,0.0017360000000000001,,,
85,LBC360843,DNMT3A c.929T>C,,0.0006160000000000001,,0.0007560000000000002,0.001183,,,
86,LBC360908,U2AF2 c.959T>C,0.000105,0.0,0.00023500000000000002,0.0007650000000000001,,,,
87,LBC360908,TET2 c.1693dup,0.0011,0.0013700000000000001,0.00184,0.00184,,,,
88,LBC360908,TET2 c.1694T>C,0.00126,0.00143,0.00194,0.0017749999999999999,,,,
89,LBC360914,EZH2 c.1328C>A,0.00045599999999999997,0.0024,0.001968,0.0057599999999999995,,,,
90,LBC360914,DNMT3A c.2203T>A,0.01155,0.015586999999999998,0.019558000000000002,0.021571,,,,
91,LBC360919,DNMT3A c.924_925dup,0.021791000000000005,0.023065000000000002,0.026747000000000003,0.026271000000000003,,,,
92,LBC361006,DNMT3A c.2016_2029del,0.0,0.0,0.0,0.0,,,,
93,LBC361006,DNMT3A c.2045dup,0.0,0.0,0.0,0.0,,,,
94,LBC361122,KDM6A c.1329+457G>T,0.0006,0.001005,0.0012,0.001695,,,,
95,LBC361122,LUC7L2 c.157A>G,0.000375,0.0007650000000000001,0.0008699999999999999,0.00246,,,,
96,LBC361133,NRAS c.-16T>C,0.0,0.0,0.004182000000000001,0.0,,,,
97,LBC361172,PPM1D c.1375G>T,0.000882,0.001224,0.00102,,,,,
98,LBC361172,SRSF2 c.330C>G,0.0,0.0,0.005782,,,,,
99,LBC361172,DNMT3A c.2083-2A>G,0.001656,0.0021420000000000002,0.002592,,,,,
100,LBC361214,TP53 c.818G>A,0.000162,0.000648,0.003024,0.005373000000000001,,,,
101,LBC361214,DNMT3A c.2206C>T,0.0031850000000000003,0.0038100000000000005,0.00468,0.004675,,,,
102,LBC361225,BCORL1 c.1261T>C,0.000112,0.0,0.0,0.000848,,,,
103,LBC361225,DNMT3A c.1056_1057del,0.018696,0.020895999999999998,0.021808,0.026048,,,,
104,LBC361286,DNMT3A c.2727T>A,0.0013800000000000002,0.0027,,,,,,
105,LBC361286,DNMT3A c.1122+1G>A,0.001598,0.007520000000000001,,,,,,
106,LBC361286,DNMT3A c.2578T>C,0.00504,0.0085,,,,,,
107,LBC361286,DNMT3A c.2228C>T,0.00132,0.00252,,,,,,
